대분류, 소분류, 내용
교과과정,교과과정이수,교과과정의 구성 및 편성
교과과정,교과과정이수,교과과정의 구성
교과과정,교과과정이수,교과과정의 구성교양과목교양필수공통교양필수세종핵심역량 중심으로 편성, 지정 학년 및 학기에 반드시 이수균형교양필수소속계열과 다른 2개 영역에서 6학점 선택 이수학문기초교양필수대학, 학부, 전공별로 이수요건이 상이교양선택※ 해당 전공, 복수전공, 부전공, 교직이수에 해당하지 않는 학생이 다른 전공과목 또는 교직과목을 이수하는 경우 교양선택으로 분류됨전공과목전공필수복수전공 또는 부전공 과정을 선택한 자가 해당 전공(학과)의 전공과목을 이수한 경우 복수전공 또는 부전공 과목으로 분류됨전공선택교직과목교직과정이수자 이수
교과과정,교과과정이수,교과과정 편성 원칙
교과과정,교과과정이수,가. 교과과정은 학칙 제40조에 의거하여 작성하였으며, 본 교과과정에서 규정하는 모든 사항은 학칙에 준하는 효력을 갖는다.나. 교과과정은 대학교육과 대학운영의 근간인만큼 임의로 변경할 수 없다.다. 교과목 이수 단위는 학기당 15시간 이상 강의를 1학점으로 하고 실험‧실습‧실기 과목은 학기당 30시간 이상을 1학점으로 할 수 있다. 
교과과정,교과과정이수,교과과정의 이수 원칙
교과과정,교과과정이수,1. 현행 교과과정을 이수하는 것을 원칙으로 하며, 종전과 달라진 사항은 경과조치에 따른다.
교과과정,교과과정이수,2. 전공 교과과정은 학과(부)에서 운영하며, 교양 교과과정은 대양휴머니티칼리지 및 학문적 관련이 있는 학과(부)에서 주관한다. 과목명, 이수구분, 학점이 변경되었더라도 교과 내용이				같으면 동일과목으로 인정하며 동일과목 여부는 전공 또는 주관하는 학과(부)에서 결정한다.			
교과과정,교과과정이수,3. 통년완성과목이 학기완성과목으로 변경된 경우 종전 교과과정의 과목 중 한 과목만 이수하여도 통년완성과목을 이수한 것으로 인정할 수 있다. 또한 학기완성과목이 통년완성과목으로 변경된				경우 현행 교과과정의 과목 중 한 과목만 이수하여도 학기완성과목을 이수한 것으로 인정할 수 있다.			
교과과정,교과과정이수,4. 이수구분이 변경된 경우 변경되기 전에 취득한 성적은 종전 이수구분으로 인정하고, 새로운 이수구분은 변경된 학년도부터 적용한다.
교과과정,교과과정이수,5. 교양필수과목 이수가. 교양필수(공통교양필수, 균형교양필수, 학문기초교양필수) 과목은 반드시 이수해야 한다. 교양필수 과목의 학점이 변경되어 종전 졸업 기준에서 요구한 학점에 미달되어도 해당 과목을 이수하면 교양필수 이수요건을 갖춘 것으로 인정한다						나. 교양필수 과목의 이수구분이 변경된 경우 해당 학년도부터 변경된 이수구분에 따라 이수한다. 과목명이수구분(변경년도)비고세계사:인간과문명교양필수 → 교양선택(1영역)(2015)2014학년도 입학자 교과과정 참고English Listening Practice2교양필수 → 교양선택(2영역)(2018)2017학년도 입학자 교과과정 참고English Reading Practice2교양필수 → 교양선택(2영역)(2019)2018학년도 입학자 교과과정 참고애지헌강좌1교양필수 → 교양선택(2022)2022학년도 외국인학생 교과과정 참고						다. 교양필수 과목에서 해제된 경우 대체과목이 있으면 반드시 이수해야 하며, 대체과목이 없으면 이수하지 않아도 된다(입학년도별 교과과정 참조).과목별 이수구분지정유형변경내용변경년도대체과목쓰기와말하기→문제해결을위한글쓰기와발표, 사회와가치→서양철학:쟁점과토론졸업연구및발표1·2→졸업작품(P/NP)(예체능계열, 체육학과는 졸업시험(P/NP))2014동일과목신입생세미나→신입생세미나A, 대학생활과진로탐색→신입생세미나B컴퓨팅사고기반기초코딩→컴퓨터사고기반기초코딩소프트웨어기초코딩→SW기초코딩, 프로그래밍입문-P→프로그래밍활용-P고급프로그래밍입문-C→프로그래밍활용-C, 고급프로그래밍입문-P→고급프로그래밍활용일변수미적분학→미적분학1, 다변수미적분학→미적분학2일반물리학및실험1→일반물리학1, 일반물리학및실험2→일반물리학2일반화학및실험1·일반화학→일반화학1, 일반화학및실험2→일반화학22022대학생활과진로설계→대학생활과진로탐색2021신입생세미나1→대학생활과진로설계English for Professional Purposes 1→English Listening Practice 1English for Professional Purposes 2→English Listening Practice 22017English Composition 3→English Writing 1English Composition 4→English Writing 22014지정해제애지헌강좌1(외국인학생 2020, 2021학년도 입학자)2022세종사회봉사1(2020, 2021학년도 입학자)2021English Reading Practice 22019English Composition1·2, English Listening Practice 22018졸업연구및발표1·2English for Professional Purposes1·2(체육학과 2014학년도 입학자)English Writing1·2(체육학과 2014학년도 입학자)English Composition1·2·3·4(체육학과 2013학년도 입학자)English Reading A·B, English Listening A·B취업역량개발론(국방시스템공학과, 항공시스템공학과)2016전공인턴십, 신입생세미나2014라. 교양필수 과목이 새로 추가된 경우 추가된 학년도에 입학한 학생들부터 이수하면 된다.						과목명이수구분비고창업과기업가정신1교양선택(1영역) → 교양필수(2019)신입생세미나교양필수(2020)대학영어교양필수(2022)우주자연인간교양선택(1영역) → 교양필수(2022)마. 교양필수에서 해제된 과목의 학점은 교양선택 학점으로 인정한다. 단, 교양필수에서 해제되어 교양선택이 아닌 다른 이수구분으로 변경된 경우는 해당 이수구분 학점으로 인정한다.						중핵필수과목과목명이수구분(변경년도)비고세계사:인간과문명교양필수 → 교양선택(1영역)(2015)2014학년도 예체능대학English Listening A·B교양필수 → 교양선택(2영역)(2016)English Listening(동일과목)English Reading A·B교양필수 → 교양선택(2영역)(2016)English Reading(동일과목)English Listening Practice2교양필수 → 교양선택(2영역)(2019)English Reading Practice2교양필수 → 교양선택(2영역)(2019)
교과과정,교과과정이수,6. 교양선택 과목 이수가. 교양선택은 학생이 자율적으로 선택해서 수강할 수 있다.나. 학과별 지정된 교양선택은 졸업 기준에 명시된 영역과 학점을 충족시켜 이수해야 한다. 다. 학교에서 지정한 교양선택은 반드시 이수해야 한다. 지정과목의 학점 또는 이수구분이 변경되어도 그 과목을 이수하면 지정과목 이수 요건을 갖춘 것으로 인정한다. 라. 학과별 지정된 교양선택에서 지정해제 된 경우 대체과목이 있으면 반드시 이수해야 하며, 대체과목이 없으면 이수하지 않아도 된다.마. 교양선택에서 새로 지정이 추가된 경우 추가된 학년도에 입학한 학생들부터 이수하면 된다. 바. 해당 전공, 복수전공, 부전공, 교직과목이 아닌 다른 전공과목 또는 교직과목을 이수하는 경우 교양선택을 이수한 것으로 인정한다. 사. 교양과목의 영역이 변경된 경우 변경된 학년도부터 변경된 영역으로 적용한다.						교양과목의 영역2008~2011학년도2012~2014학년도2015~2019학년도2020학년도~교양선택(1영역)교양선택(2영역)사상과역사인성과도덕사상과역사인성과도덕사상과역사역사와문화역사와문화사회와제도사회와제도사회와문화사회와제도사회와문화생명과과학생명과자연자연과과학기술생명과과학자연과과학기술문화,예술,스포츠예술과생활예술과생활예술과체육국제사회의이해지구촌의이해세계와지구촌지구촌의이해세계와지구촌융합과창업자기계발과진로아. 2015학년도 교과과정 개편에 따라 교양선택(1영역)(교선1) 과목의 변경이 있으며, 기존에 교선1 과목 이수 시 교선1 과목으로 인정되며, 신규로 교선1 과목 이수 시에도 교선1로 인정된다.자. 2007학년도 이전 입학자는 “미적분학및연습3”을 이수 면제한다. 단, 자연과학대학 학생은 동일과목으로 지정되어 있는 “고등미적분학2”나 “다변수미적분학”을 이수하여야 한다.차. 미적분학및연습1, 미적분학및연습2“는 2018학년도부터 교과목 명칭이 각각 기초미적분학, 일변수미적분학”으로 변경되었으니 이수하지 못한 학생은 해당과목을 이수하면 된다.카. 2015학년도 입학자는 교양선택(1영역)과목인 “프로그래밍입문”을 “고급프로그래밍입문-C”로 대체 이수할 수 있다. 또한 2016학년도, 2017학년도 인문과학, 사회과학, 경영, 호텔관광, 법학전공 입학자는 교양선택(1영역)과목인 “소프트웨어기초코딩” 과목을 2018학년도부터 개설된 “컴퓨팅사고기반기초코딩”으로 대체 이수할 수 있다.타. 경과조치는 연도별 입학자 교과과정의 '교양 학점 및 이수시기'를 참조한다. 
교과과정,교과과정이수,7. 전공필수과목, 졸업작품(시험) 이수  가. 전공필수 과목은 반드시 이수해야 하며 졸업 기준에 명시된 학점을 충족시켜야 한다.  나. 재학 중 학기에 개설된 전공필수 과목을 이수하는 것을 원칙으로 하되 교과과정 개편, 학적 변동 등으로 학점을 충족시킬 수 없는 경우 변경 전 교과과정에서 전공필수였던 과목을 이수하여도 전공필수 학점으로 인정한다.   다. 교과과정 개편으로 전공필수 학점을 현행 졸업 기준보다 초과하여 취득한 경우 초과된 전공필수 과목의 학점을 전공선택 학점으로 인정할 수 있다.   라. 주전공과 복수전공의 교과과정상 전공필수 과목이 중복되는 경우 복수전공 학과(부)장과 상담하여 전공선택 과목 중에서 대체과목을 지정받아 이수한다.   마. 4학년(건축학 전공은 5학년)에 주전공과 복수전공의 전공필수 과목이 강의시간표상 시간이 중복 될 경우 복수전공 학과(부)장과 상담하여 전공선택 과목 중에서 대체과목을 지정받아 이수한다.   바. 한 전공(학과)에 둘 이상의 세부전공이 있고 세부전공별로 전공필수 과목이 구분되어 있을 경우 반드시 자신이 전공할 과목을 이수해야 전공필수 학점으로 인정한다. 다른 세부전공의 전공필수 과목을 이수하면 전공선택 학점으로 인정된다.사. 공인어학능력시험 점수 취득이 필요한 학과는 학과가 정한 기준에 따라 이수해야 한다. 						(일어일문학전공 : 일본어능력시험, 중국통상학전공 : 중국어능력시험)					아. 예체능대학은 졸업작품(시험)을 전공필수로 반드시 이수해야 한다. 다만, 학·석사 연계과정에 선발된 자는 학부의 졸업작품(또는 졸업시험) 이수 등을 면제할 수 있다. 자. 예체능대학 학과를 복수전공할 때에는 전공필수를 15학점 이수하고 졸업작품(시험)을 추가로 이수해야 한다. 단, 예체능대학 전공자가 예체능대학 학과를 복수전공할 때에는 복수전공학과에서 지정한 3학점의 전공선택 과목 이수로 졸업작품(시험)을 대체할 수 있다.차. 공과대학 건축학전공(5년)은 전공필수 지정과목인 졸업작품, 동양건축사(2022년 2월 졸업자부터 적용)를 반드시 이수해야 한다. 카. 공과대학 건축학과(5년)은 전공필수 지정과목인 졸업작품, 한국건축사를 반드시 이수해야 한다.타. 창의소프트학부 디자인이노베이션전공, 만화애니메이션텍전공은 전공필수로 졸업작품을 반드시 이수해야 한다.파. 소프트웨어융합대학 창의소프트학부 만화애니메이션텍을 복수전공하는 경우 졸업작품을 이수해야한다. 단, 졸업작품을 중복이수하지 못하는 경우 만화애니메이션텍에서 지정한 3학점의 전공선택과목을 졸업작품으로 대체할 수 있다.하. 소프트웨어융합대학 창의소프트학부 디자인이노베이션을 복수전공하는 경우 졸업작품을 이수하지 않아도 된다.
교과과정,교과과정이수,8. 전공선택과목 이수  가. 전공선택은 전공(학과)별 교과과정에 따라 수강할 과목을 직접 선정해서 이수하며 졸업 기준에 명시된 학점을 충족시켜야 한다.  나. 한 전공(학과)에 세부전공별 전공선택 과목이 구분되어 있을 경우 자신이 전공하는 과목을 우선 이수해야 한다. 단, 다른 세부전공의 전공선택 과목을 이수해도 전공선택 학점으로 인정할 수 있다.   다. 교과과정 개편으로 전공선택 과목이 다른 이수구분으로 변경된 경우 교과과정 개편 전에 입학한 학생에 한해서 전공선택 학점으로 인정할 수 있다.   라. 생명과학대학 내의 학과에 개설된 전공과목(필수, 선택)을 대학 내의 타 전공 학생이 수강하는 경우 이를 모두 전공선택으로 인정한다.  마. 컴퓨터공학과·디지털콘텐츠학과·정보보호학과·소프트웨어학과·데이터사이언스학과·인공지능학과에 개설된 전공과목 (필수, 선택)을 컴퓨터공학과·디지털콘텐츠학과·정보보호학과·소프트웨어학과·데이터사이언스학과·인공지능학과 내의 타 전공 학생이 수강하는 경우 이를 모두 전공선택으로 인정한다.  바. 학과에서 지정한 타 학과 전공과목을 이수한 경우 소속학과의 전공선택 과목으로 인정한다.    사. 학과에서 인정한 대학원 석사과정의 동일전공 교과목을 수강한 경우 전공선택 학점으로 인정한다(학기별 6학점이내 총 12학점까지 이수).
교과과정,교과과정이수,9. 폐지 또는 학제변경 학과(전공)의 교과과정 이수 가. 중국학 전공자는 중국통상학 과목도 전공학점으로 인정한다. 나. 지구정보공학 전공자는 공간정보공학 과목도 전공학점으로 인정한다. 다. 나노신소재공학부 신소재공학, 나노공학 전공자는 나노신소재공학과 과목도 전공학점으로 인정한다. 라. 2013학년도 이전 식품공학, 생명공학 전공자는 바이오융합공학과 과목도 전공학점으로 인정한다. 마. 호텔경영, 관광경영 전공자는 호텔관광경영학 과목도 전공학점으로 인정한다. 바. 물리학, 천문우주학 전공자는 물리천문학과 과목도 전공학점으로 인정한다. 사. 생명공학 전공자는 바이오융합공학전공도 전공학점으로 인정한다. 아. 바이오융합공학과 전공자는 바이오융합공학전공과 생명시스템학부의 식품공학전공, 식품생명공학전공 과목도 전공학점으로 인정한다. 자. 분자생물학과 전공자는 바이오융합공학전공과 바이오산업자원공학전공 과목도 전공학점으로 인정한다. 차. 바이오자원공학 전공자는 바이오산업자원공학전공 과목도 전공학점으로 인정한다. 카. 전자공학, 정보통신공학, 광전자공학 전공자는 전자정보통신공학과 과목도 전공학점으로 인정한다. 타. 공간정보공학 전공자는 환경에너지공간융합학과 과목도 전공학점으로 인정한다. 파. 지구정보공학 전공자는 환경에너지공간융합학과 과목도 전공학점으로 인정한다. 하. 디지털콘텐츠학과 전공자는 소프트웨어학과 과목도 전공학점으로 인정한다. 거. 식품공학 전공자는 식품생명공학전공 과목도 전공학점으로 인정한다. 너. 산업디자인학과 전공자는 디자인이노베이션전공 과목도 전공학점으로 인정한다. 더. 만화애니메이션학과 전공자는 만화애니메이션텍전공 과목도 전공학점으로 인정한다. 러. 신문방송학과 전공자는 미디어커뮤니케이션학과 과목도 전공학점으로 인정한다. 머. 경제통상학과 전공자는 경제학과 과목도 전공학점으로 인정한다. 버. 에너지자원공학과 전공자는 지구자원시스템공학과 과목도 전공학점으로 인정한다. 서. 원자력공학과 전공자는 양자원자력공학과 과목도 전공학점으로 인정한다. 어. 수학통계학부 수학, 응용통계학 전공자는 수학통계학과 과목도 전공학점으로 인정한다. 저. 건축공학부 건축공학 전공자는 건축공학과 과목도 전공학점으로 인정한다. 처. 건축공학부 건축학 전공자는 건축학과 과목도 전공학점으로 인정한다. 커. 지능기전공학부 스마트기기공학, 무인이동체공학 전공자는 지능기전공학과 과목도 전공학점으로 인정한다. 터. 기계항공우주공학부 기계공학 전공자는 기계공학과 과목도 전공학점으로 인정한다. 퍼. 기계항공우주공학부 항공우주공학 전공자는 우주항공시스템공학부 우주항공공학전공 과목도 전공학점으로 인정한다. 허. 항공시스템공학과 전공자는 우주항공시스템공학부 항공시스템공학전공 과목도 전공학점으로 인정한다.
교과과정,교과과정이수,10. 학과(전공)별 전공 교과목 인정 경과조치  가. 2014학년도 이전에 입학한(2014년 포함) 정보통신공학 전공자는 공업수학1, 공업수학2를 전공필수 학점으로 인정한다.  나. 2012~2013학년도 자유전공학부 입학자는 1학년 때 전공으로 수강한 영문법의이해(영어영문), 교육학의탐구(교육), 경제원론1(경제통상), 행정학원론(행정), 미디어의이해(신문방송), 경영학원론(경영)을 전공필수학점으로, 한국문학의이해(국어국문), 전공일본어기초1(일어일문), 역사와우리민족(역사), 현대중국의이해(중국통상), Hospitality산업의이해(호텔관광), 외식식품산업의이해(호텔관광), 법학입문(자유전공)을 전공선택학점으로 인정한다.  다. 호텔외식관광프랜차이즈경영학과, 호텔외식비즈니스학과, 글로벌조리학과 입학생들이 위 3개 학과 내의 타 학과 전공과목(필수, 선택) 이수 시 이를 전공선택으로 인정한다.
수업,학점이수,학점
수업,학점이수,대학의 교과과정 이수단위는 학점이다. 1학점은 한 학기(15주 이상) 15시간 이상의 수업을 의미하며, 대부분의 교과목은 3학점으로 되어 있다. (단, 실험, 실습, 실기는 30시간 이상을 이수해야 한다.) 따라서 3학점 교과목의 경우 한 학기동안 매주 3시간의 수업으로 전체 시간수로 45시간 이상이 된다.
수업,학점이수,교과과정
수업,학점이수,구분과목분류교양과목교양필수(공통필수, 균형교양, 학문기초교양), 교양선택전공과목전공필수, 전공선택기타과목교직
수업,학점이수,교양과목 이수
수업,학점이수,입학년도별 개설학과에 따라 차이가 있으므로 교과과정 메뉴내의 해당학년 입학과정을 참고하세요.수업,수강신청,수강신청관련 주요사항
수업,수강신청,가. 수강신청 및 수강신청 변경일정은 매학기 변경되므로 반드시 “학사공지(학사공지 바로가기)”를 통해 확인한다.나. 복학생도 학년별로 정해진 기간에 수강신청해야 하며, 반드시 복학신청을 해야 수강신청이 가능하다.다. 수강신청과 관련한 모든 신청은 학사정보시스템을 통해 이루어진다.라. 수강신청과 관련한 모든 시간은 본교 서버 시간을 기준으로 하므로 학사정보시스템 로그인 후 화면 상단 본인성명 오른쪽에 표시된 시간을 확인하여 수강신청, 변경 및 철회를 하기 바란다.수업,수강신청,관심과목담기 시행 안내
수업,수강신청, 가. 개요 : 수강신청 전에 관심 있는 과목을 미리 담을 수 있는 제도. 관심 있는 수강과목에 대한 체계적인 관리가 가능하며, 수강신청 시 과목을 미리 모아놓아 신청을 편리하게 할 수 있다. 또한 수강신청과목을 미리 예측하여 학생들이 선호하는 과목에 대한 분반 등 수요에 맞게 과목개설을 준비할 수 있다.수업,수강신청,나. 시행시기 : 2013학년도 1학기부터 시행
수업,수강신청,다. 대상 : 모든 학부생
수업,수강신청,라. 방법 : 학사정보시스템의 관심과목담기 메뉴에서 신청
수업,수강신청,마. 내용				(1) 학부에서 개설하는 모든 교과목을 관심과목으로 담을 수 있다.(2) 수강신청과 동일한 조건에서 관심과목담기가 실시된다(단, 신청인원 수와 강의시간에는 제한을 두지 않으며, 관심과목으로 담을 수 있는 학점은 최대 24학점으로 제한).(3) 수강신청 시에 검색조건으로 관심과목담기를 검색함으로써 담아놓은 과목을 일괄조회 할 수 있다.(4) 일괄 조회된 화면에서 각각 과목마다 신청버튼을 눌러 해당과목에 대한 수강신청을 완료할 수 있다.(5) 해당 기간이 지나면 관심과목담기 메뉴에서 더 이상 과목을 추가·삭제할 수 없다.(6) 과목별로 담은 인원은 실시간으로 학과에서 확인이 가능하며 분반·폐강 등의 기준이 될 수 있다.수업,수강신청,바. 유의사항				(1) 관심과목담기에서의 수강 정보(강의실, 강의시간, 담당교수 등)는 학과나 담당교수 사정으로 변경 수 있으니 최종 수강신청 전에 반드시 확인해야 한다.(2) 관심과목담기에 담는 것과 최종 수강신청은 별개의 행위이므로 반드시 수강신청기간에 수강신청을 완료해야 한다.(3) 관심과목담기기간에는 강의시간 중복에 상관없이 과목을 담을 수 있으나, 수강신청기간에는 강의시간이 중복된 과목은 신청이 되지 않으므로 수강신청 전에 미리 검토해야 한다.(4) 수강신청 시 신청할 수 있는 학점은 본인의 최대 수강신청가능학점 이내에서만 가능하다.(5) 관심과목으로 담은 학생이 많은 과목이라도 학과 사정에 의해 분반이 되지 않을 수 있다.수업,수강신청,수강신청 절차 및 유의사항
수업,수강신청,수강신청 절차
수업,수강신청,학교홈페이지에서 강의시간표 확인 → 지도교수 수강지도 → 인터넷 수강신청 → 수강신청확인서 인쇄 및 보관
수업,수강신청,※ 지도교수의 수강지도를 받은 수강신청서와 인쇄한 수강신청확인서는 학과에 제출하지 않아도 되나, 재학 중 본인의 학업관리를 위해 보관하는 것을 권장한다.※ 수강신청서(지도교수 수강지도용) 양식 다운로드 : '세종대학교 홈페이지 정보광장 교내양각종양식모음'수업,수강신청,수강신청 학점
수업,수강신청,(1) 수강신청은 매 학기 6학점(최종학기 3학점) 이상 18학점까지 할 수 있다. 다만, 소프트웨어융합대학 컴퓨터공학과, 소프트웨어학과, 데이터사이언스학과, 창의소프트학부 만화애니메이션텍전공의 2017~2020학년도 입학자, 정보보호학과 2016~2020학년도 입학자, 창의소프트학부 디자인이노베이션전공 2017~2019학년도 입학자는 20학점까지 신청할 수 있다.(2) 직전학기에 16학점 이상 취득하고 성적이 B+(3.5) 이상이면 21학점까지 신청할 수 있다.(3) 신입생세미나, 대학생활과진로탐색, 졸업연구및진로, 채플, 창업과기업가정신, 무관후보생교육, 세종사회봉사1, SHP고전강좌 과목은 수강신청학점제한 제외과목으로 학점 제한 없이 수강신청이 가능하다. (학사내규 제7조제2항의5)(4) 수업연한 초과자도 매 학기 6학점 이상 18학점까지 수강해야 하나, 학위 취득 학기에 한해 6학점 미만 수강신청이 가능하다. (5) 장학금 신청 시 기본이수학점은 학기당 15학점 이상 취득함을 원칙으로 한다. 단, 4학년은 10학점 이상 취득한 자로 한다.(6) 폐강 또는 개설 취소된 과목의 수강신청은 무효 처리된다. 따라서 수강 변경 기간에 폐강된 과목을 취소하고 다른 과목으로 수강 변경하여 수강신청 학점이 6학점(최종학기 3학점) 미만이 되지 않도록 유의해야 한다.(7) 수강 변경 기간까지 6학점(최종학기 3학점)에 미달되게 수강신청한 자에게는 학사경고 한다.(학칙 제56조 제2항)
수업,수강신청,수강신청 유의사항
수업,수강신청,(1) 교양필수, 학문기초교양, 전공필수, 교직과목은 강의시간표에 지정된 학년‧학기에 수강하는 것을 원칙으로 한다.(2) 1, 2학년은 교양필수, 학문기초교양을 우선적으로 신청해야 하며 이를 수강하지 못했다면 3, 4학년일지라도 위 과목을 먼저 신청해야 한다.(3)수강신청은 전공(학과)별 교과과정표에 따라 전공과목과 교양과목을 먼저 신청하고 다음으로 본인이 복수전공, 부전공, 교직 과목 중에서 우선순위를 정하여 신청하며 마지막으로 기타 과목을 신청한다.				- 복수전공, 부전공 이수 학생은 수강편람의 ‘6. 전공·복수전공·부전공 이수 안내’를 참조하여 수강신청한다. 				- 교직과정 이수 학생은 수강편람의 ‘7. 교직과정 이수 안내’를 참조하여 수강신청한다.  (4) 이수 학과 및 학년을 과목별로 지정한 과목은 반드시 지정 과목으로 수강신청해야 한다.(5) 선수과목을 지정한 교과목은 선수과목을 이수한 학생만 수강할 수 있다. (6) 과목의 특성상 수강인원을 제한하는 과목은 수강신청 순서에 따라 선착순으로 수강인원을 제한한다. (7) 3, 4학년은 전공과목과 교양과목의 학점취득 상황 및 졸업요건을 면밀히 검토하여 졸업에 지장이 없도록 수강신청을 해야 한다. (8) 예체능대학 졸업 대상자는 졸업작품(시험)을 수강신청해야 하며, 미수강 시 졸업이 불가하다.(9) 편입학생은 편입학 시 소속 학과장이 정해준 과목이수지정표에 따라 수강신청한다.(10) 강의 시간이 겹치는 과목은 수강신청할 수 없다.(11) 8주제로 운영되는 계절학기 과목을 수강하는 학생은 다음 정규학기 수강신청기간 전에 성적처리가 완료되지 않기 때문에, 정규학기 수강신청기간에 동일한 과목을 재수강할 수 없다.(12) 재수강은 학기 당 3과목을 초과할 수 없다. 단, 수업연한 초과자(초과학기생)와 성적 등급이 F(FA, NP, I 포함)인 경우는 재수강 횟수를 제한하지 않는다.(학사내규 제10조 6항) 수업,수강신청,학점 인정
수업,수강신청,(1) 수강신청하지 않은 과목의 성적은 인정하지 않는다.(2) 수강신청한 과목을 수강하지 않을 경우 그 과목의 성적은 F 또는 “FA로 처리된다. 특히 여러 반으로 개설된 과목의 경우 수강신청하지 않은 반에서 수강하게 되면 그 과목의 성적도 F 또는 “FA로 처리된다.
수업,수강신청,수강 신청 학점이월제도
수업,수강신청,(1) 개요 : 유휴학점(수강신청 기본 가능학점보다 실제 수강 신청 학점이 작아 발생한 잔여학점)의 합리적 운영을 위해 2학점 범위 내에서 다음 학기로 이월하여 추가 수강신청할 수 있도록 하는 제도이다.(2) 시행시기 : 2011학년도부터 연간으로 운영.(3) 내용				㈎ 1학기 발생한 유휴학점(수강신청 기본 가능학점18학점에 미달하는 1학점 또는 2학점)을 2학기(정규 등록 학기)에 이월 허용(3학점 이상은 본인의 자발적 의사로 간주하여 이월대상에서 제외)㈏ 연간으로 운영(2학기 유휴학점은 다음 학년 이월 불가)㈐ 수강신청학점제한 제외과목은 유휴학점 계산 시 제외(4) 적용 제외 대상				㈎ 조기졸업 신청자, 학석사 예비생 중 성적우수로 인해 추가로 받은 신청학점					(성적우수 : 직전학기 평점이 4.0 이상(2012학년도 이후 입학자는 4.1 이상))					㈏ 직전학기 평점이 3.5 이상인 자로 성적우수로 인해 추가로 받은 신청학점㈐ 1학기 성적 평점평균이 2.5 미만인 자㈑ 수강철회에 따른 유휴학점(수강변경기간 기준 적용)㈒ 인턴십, 학점교류, 교환학생 등 외부학점 이수로 직전학기에 본교 과목을 수강하지 않은 학생㈓ 제적자, 휴학자, 학기초과자의 유휴학점㈔ 2학기 수강신청 시 성적우수로 받은 추가 수강신청학점이 있는 자(추가로 받은 수강신청학점만 인정)
수업,수강신청,폐강시점 및 기준 안내
수업,수강신청,(1) 폐강시점					㉮ 1차 폐강 : 수강신청 기간 종료 후㉯ 2차 폐강 : 수강신청 과목 확인 및 변경기간 종료 후
수업,수강신청,(2) 폐강기준          			이수구분폐강기준비고교양필수, 교직설강필수 학문기초교양설강필수분반한 과목이 10명 미만이면 폐강교양선택(1영역)20명 미만단, 신규 개설과목은 4학기 내에 10명 미만이면 폐강교양선택(2영역)20명 미만단, 신규 개설과목은 4학기 내에 10명 미만이면 폐강전공필수설강필수분반한 과목이 10명 미만이면 폐강전공선택10명 미만입학정원 30명 미만15명 미만입학정원 30~60명 미만20명 미만입학정원 60명 이상영어, PBL, FL강의10명 미만 
수업,수강신청,다. 2차 폐강 시 폐강 교과목 수강 신청자는 별도의 기간에 수강 변경 실시.
수업,수강신청,라. 폐강 기준에 미달하더라도 공학인증, 학과 사정 등에 따라 폐강이 되지 않을 수 있음. 
수업,수강신청,수강신청 과목 확인 및 변경 유의사항 : 개강 1주차
수업,수강신청,가. 이미 신청한 과목을 취소하거나 신규 과목을 신청할 때 담당교수의 승인은 필요하지 않다.나. 수강인원이 초과된 과목은 취소하였다가 다시 신청할 경우 대부분 신청이 불가능하니 유의한다.다. 수강신청 기간에 수강신청을 하지 않은 학생은 수강 변경 기간에 반드시 신청해야 하며, 수강 변경 기간까지 학기당 수강 최저 학점에 미달되도록 수강신청한 학생은 학사경고 한다.라. 등록기간에 등록을 반드시 해야 하며, 등록을 하지 않으면 수강신청이 자동 취소된다.마. 수강변경 완료 후 수강신청확인서는 본인의 수강이력관리를 위해 학사정보시스템에서 인쇄하여 보관할 것을 권장한다.
수업,수강신청,수강과목 철회 안내 
수업,수강신청,가. 수강과목 철회 시기                (1) 1차 : 개강 3주차(전체 재학생)(2) 2차 : 개강 13주차(8학기 이상 졸업 예정자)나. 수강과목을 이수할 수 없다고 판단될 때에 철회를 신청할 수 있으나 6학점(최종학기 3학점) 미만이 되도록 철회할 수는 없다.다. 학교에서 일괄적으로 수강신청한 과목은 철회할 수 없다.라. 수강과목 철회 시 다른 과목을 추가로 신청할 수 없다.마. 수업연한 초과자도 학사정보시스템에서 철회가 가능하다.바. 정해진 기간 이외에는 수강과목 철회가 불가능하니 유의한다.사. 수강철회 신청 시 수강신청내역의 수강철회여부에 “Y”로 표시된다.
수업,수강신청,수강 과목 유의사항
수업,수강신청,일괄수강신청 과목
수업,수강신청,(1) 신입생(1학년)이 수강 할 과목 중 아래의 과목은 과목 특성상 학교에서 일괄 수강신청한다.(2) 일괄수강신청과목은 임의로 수강을 취소하거나 반을 변경할 수 없다(단, 재입학생 및 복학생은 교과과정의 변경 등으로 인해 일괄수강신청대상에서 제외되므로 본인이 직접 수강신청해야 한다).(3) 일괄수강신청과목 : English Listening Practice 1, 문제해결을위한글쓰기와발표, 서양철학:쟁점과토론, 소프트웨어기초코딩, 컴퓨팅사고기반기초코딩, 프로그래밍입문-P, 고급프로그래밍입문-P᛫C, 전산개론-O, 기초미적분학, 일변수미적분학, 다변수미적분학, 일반물리학및실험1᛫2, 일반화학및실험1᛫2, 일반화학, 경영수학, 일반생물학, 통계학개론, 정보사회의사이버윤리, 청년에게들려주는통일이야기 등 (※ 매 학기 달라질 수 있으므로 반드시 해당학기 수강편람을 숙지하기 바람)(4) 과목의 특성상 공업수학 등은 일괄수강신청 하지 않는다.(5) 재학생의 ‘English Reading Practice 1’ 일괄수강신청은 수강편람의 ‘3. 교과목 수강안내’ 참고
수업,수강신청,수강제한 과목
수업,수강신청,(1) 선수과목을 이수하여야 수강할 수 있는 과목(순차적 이수)㉮ 교양과목기준교과목선이수교과목 다변수미적분학일변수미적분학세종사회봉사2세종사회봉사1 ㈏ 전공과목의 경우는 과목개설 주관학과로 문의(2) 공업수학 1·2는 학과별로 교과내용이 다를 수 있으므로 반드시 지정한 반에서 수강해야 한다.(3) 유사 교양 과목을 이수(또는 수강신청)한 자가 수강할 수 없는 교양 과목				일반화학및실험1,2-일반화학일반생물학-생명의 미시적세계				일반화학및실험1·2를 수강한 학생은 일반화학을, 일반화학을 수강한 학생은 일반화학및실험1·2의 수강을 허용하지 않으므로 학문기초교양으로 수강하려는 학생은 유의해야 한다. 일반생물학과 생명의미시적세계는 동일하거나 유사한 내용을 배우는 과목으로 이 과목 중 한과목만 수강을 허용한다. 따라서 일반생물학, 생명의미시적세계를 학문기초교양 또는 전공기초 대체로 수강하고자 하는 학생은 유의해야 한다. (단, 전과 등 특별한 경우 교양 주관 학과장의 승인을 득하여 상기과목의 추가수강을 허용)(4) 전공과목을 이수(또는 수강신청)한 자가 수강할 수 없는 교양 과목				교양과목에서는 과목의 기초개념 이해에 초점을 두며, 전공과목에서는 좀 더 심화된 내용을 학습하게 된다. 따라서 교양과목을 이수한 후에 전공과목을 수강하는 것은 허용하나 교양과목과 전공과목을 같은 학기에 수강하거나 전공과목을 이수한 후에 교양과목을 수강하는 것은 허용하지 않는다.				전공과목교양과목전공과목교양과목민법교양민법마케팅관리생활속의마케팅이해경영정보론경영정보개론경영학원론경영학개론(5) 체육실기 전공과목을 이수(또는 수강신청)한 자가 수강할 수 없는 체육실기 교양과목				교양에서는 실기의 기초를 학습하고 전공에서는 보다 전문적인 실기를 학습하게 되므로 교양과목을 이수한 후 전공과목을 수강하는 것은 허용하나 교양과목과 전공과목을 같은 학기에 수강하거나 전공과목을 이수한 후 교양과목을 수강하는 것은 허용되지 않는다. 이에 해당하는 교양과목은 배드민턴, 수영, 스키, 테니스, 골프, 태권도 등이다.			    단, 체육 종목 특기자로 입학한 학생은 해당 종목의 교양과목 수강을 허용하지 않는다. 				※ (3)(4)(5)항의 시행 전(2005년)에 이미 취득한 전공, 교양과목의 성적은 모두 인정한다.			
수업,수강신청,영어강의 수강안내
수업,수강신청,(1) 영어강의는 외국대학과의 학점교류를 활성화하고 본 대학 학생들의 영어강의 수강능력을 향상시키고자 개설한 강의로 성적평가방법은 				상대평가 조정방식으로 진행된다. (단, 외국인이 영어로 강의하는 영어 어학 강좌는 영어강의라 할지라도 상대평가로 진행)(2) 영어강의 표시				㉮ 강의시간표/수업계획서조회(강의언어에 '영어'로 표시. 해당 줄의 배경색이 녹색으로 표시)㉯ 수강신청화면(위와 동일하게 표시됨)
수업,수강신청,대학원 석사과정 교과목 수강안내
수업,수강신청,(1) 목적 학위과정간 연계를 위하여 학부 학생이 일반대학원의 동일전공 교과목 수강을 허용하여 학점을 취득할 수 있도록 한다.(2) 주요사항㉮ 신청대상 및 이수학점 3학년(건축학 전공은 4학년) 이상의 학생으로서 학기당 이수학점 범위에서 동일전공 석사과정의 교과목을 이수하고자 할 때에는 담당교수, 지도교수 및 학과장의 승인을 받아 학기당 6학점 이내에서 총 12학점까지 이수할 수 있다.㉯ 수강신청 수강신청은 수강신청 변경기간에 교무처 수업과에서 처리한다. 따라서 해당 학생은 수강신청서(‘각종양식’에서 출력 후 사용)를 작성하여 수강변경 기간 내에 수업과에 직접 제출해야 한다.㉰ 학점 인정 대학원 교과목을 수강하여 취득한 학점은 본인의 선택에 따라 학부 또는 대학원의 취득학점으로 인정한다(수강신청 시 선택하며 중복 인정되지 않는다).(3) 유의 사항㈎ 대학원 과목의 수강신청은 학기당 수강가능학점 범위 내에서 허용한다.㈏ 학생은 수강신청 전에 대학원에 수강하고자 하는 과목의 폐강 여부를 미리 확인하여야 한다.㈐ 수강편람에 표시된 강의시간이 같거나 겹치면 수강신청할 수 없다.
수업,수강신청,타학과 전공선택 인정교과목 수강안내
수업,수강신청,(1) 개요 : 학과에서 지정한 타 학과 전공과목을 이수하면 소속 학과 전공선택 과목으로 인정하는 제도(2) 수강신청 절차 및 전공선택 인정㈎ 수강신청 전에 학과별 타 학과 전공선택 인정교과목 목록 확인㈏ 전체 수강신청일이나 수강과목 변경기간에 수강신청(학년별 수강신청 시에는 수강신청 불가)㈐ 수강신청 시에는 교양으로 표기되며 다음 학기 수강신청 전에 전공선택으로 이수구분 변경(3) 유의사항				㈎ 타 학과 전공과목 최대인정학점을 초과하여 이수한 경우 초과된 학점의 과목은 자유선택교양으로 인정된다.㈏ 같은 명칭의 과목일지라도 개설학과가 다른 경우는 인정되지 않는다.㈐ 개설학과 내에서 인정 교과목명과 동일과목으로 지정되어 있는 과목은 인정된다.㈑ 과목이 폐지되거나 변경되어도 기 이수한 학생의 전공이수 확인을 위해 과목을 삭제하지 않고 안내하고 있으며, 이번학기 개설이 되지 않더라도 교과과정에 편성이 되어 개설될 가능성이 있는 과목도 목록에 포함하고 있다.㈒ 타 학과 전공선택 인정 교과목 수강제도는 복수전공, 부전공 학생도 해당된다(과목에 대한 상세한 사항은 각 학과로 문의).(4) 학과별 타 학과 전공선택 인정교과목 목록 : 수강편람참조
수업,수강신청,학·석사 연계과목 수강안내
수업,수강신청,(1) 수강신청 전까지 학과사무실에 문의하여 대학원에서 개설한 학석사 과목을 확인한다.(2) 수강신청 기간에 학사정보시스템에서 학석사연계과목을 검색하여 수강신청한다.(3) 학·석사 연계과정생은 4학년에 한하여 학기말 성적 평점평균이 A0(4.0)이상인 자는 학·석사 공동과목을 포함하여 24학점까지 신청할 수 있다.(건축학과는 제외)
수업,계절학기,관련규정 적용범위
수업,계절학기,			계절학기는 수업기간 단축에 의한 단기 학기로 운영되므로 제반 학사제도도 단기 학기에 맞춰 정규학기 제도를 적용함		
수업,계절학기,운영 목적
수업,계절학기,방학 중에도 정상적으로 학력 보완의 기회를 부여, 연중 무휴의 대학 교육기능 활성화
수업,계절학기,수강 대상 및 수강 학점
수업,계절학기,전 학년(재학생) 대상이며, 계절학기당 6학점 재학 중 통산 24학점 범위 내에서 수강 허용. 최종학기 재학생은 본교 계절학기 강의와 SELC e-러닝 강의만 수강이 가능하고, 타대학 학점교류학생은 본교 계절학기 강의만 수강이 가능함.최종학기 재학생은 16일제 수업과 SELC 사이버강의만 수강이 가능하고, 타대학 학점교류학생은 16일제 수업만 수강이 가능함.-->
수업,계절학기,수강신청
수업,계절학기,1. 수강신청 방법 : 학사정보시스템 로그인 수업/성적 수강신청2. 수강신청을 한 후에는 반드시 수강신청확인서를 출력하여 수강과목 및 신청학점 확인3. e-러닝 강의 수강가능학점 : 계절학기 최대수강학점(6학점)까지 가능※ 졸업예정자 과목수강 시 유의사항 안내졸업예정자 및 수업연한을 초과하여 수학하는 학생의 경우 잔여학점 이수는 학칙이 허용하는 범위 내에서 정규학기에 모두 이수하여 졸업에 지장이 없도록 하시기 바랍니다.계절학기에는 수강희망인원 부족 또는 담당할 교강사가 없어 과목이 개설 되지 않거나 인원미달로 인한 폐강 등으로 과목을 이수하지 못할 상황이 생길 수 있습니다. 반드시 정규학기에 졸업에 필요한 과목을 이수하여 계절학기 과목폐강 등으로 졸업을 하지 못하는 상황이 발생하지 않도록 하여 주시기 바랍니다.
수업,계절학기,계절학기 일정
수업,계절학기,홈페이지 학사공지에 게시되는 계절학기 일정을 확인하시기 바랍니다.
수업,교직이수,교직이수 신청자격-->
수업,교직이수,1) 교직과정 이수 신청은 2학년 1학기 소정기간에 이수신청서를 제출한다.2) 반드시 주전공자에 한하여 지원이 가능하다.3) 1학년 33학점 이상 이수한 자에 한하여 신청할 수 있다.4) 3학년 이상 복학생이나 재입학생, 편입생은 원칙적으로 선발이 불가능하다.5) 다만 타 대학에서 교직과정 이수예정자로 선발된 자가 동일한 표시과목을 부여하는 학과에 편입하였을 때, 승인인원 범위 내에서 결원이 있을 경우에 한하여 선발할 수 있다.			5) 교직과정 이수예정자로 선발된 학생이 제적 처리된 후 해당학과에 재입학한 경우 교직과정을 이수할 수 있다.
수업,교직이수,교직이수 신청시기
수업,교직이수,* 2014년 5월 중 공지예정매년 1회 선발하며, 선발 시기는 2학년 1학기에 실시한다.
수업,교직이수,교직과정 설치학과(전공) 및 선발인원
수업,교직이수,대학학과(전공)선발인원(명)대학학과(전공)선발인원(명)인문과학대학국어국문학과2호텔관광대학호텔관광경영학전공6영어영문학전공4자연과학대학화학과2역사학과1예체능대학회화과3교육학과2패션디자인학과3사회과학대학행정학과1음악과4경영경제대학경영학부4체육학과3경제학과2무용과3-영화예술학과4계15개 학과44
수업,교직이수,교직이수예정자 선발절차
수업,교직이수,1) 교직과정 이수예정자는 1학년 33학점 이상 이수하고, 교직과정 이수신청서를 제출한 자 중에서 선발한다.2) 교직과정 이수 신청자를 대상으로 교직 인·적성 검사 및 학과 면접을 실시하며, 세부사항은 학사공지를 통하여 공지한다.3) 교직 인·적성 검사와 학과 면접의 절차 및 선발은 교원양성위원회의 결정에 따르며, 세부사항은 학사공지를 통하여 공지한다.4) 이수 신청자를 대상으로 학과(전공)별 선발 인원을 초과하는 경우, 다음 순서에 의해 선발하되 전공 선발(배정)에서 탈락하면 제외한다.				① 1학년 33학점 이상 취득자 중 총 평점평균이 높은 자② ①항이 동일한 경우 취득학점이 많은 자③ ②항이 동일한 경우 표시과목 전공 취득학점이 많은 자④ ③항이 동일한 경우 표시과목 전공 평점평균이 높은 자
수업,교직이수,교직이수예정자 선발일정
수업,교직이수,1) 교직 선발공고 및 홈페이지 게재(학사공지, 3-4월)2) 교직 인·적성 검사(3~5월)3) 학과 면접 실시(3~5월)4) 명단확정 및 공고(5~6월, 학사공지, 학사정보시스템)				* 교직 인적성검사 및 학과 면접을 응시하지 않거나 탈락한 경우 선발대상자에서 제외됨.			
수업,교직이수,교직 이수 학점 및 졸업 성적
수업,교직이수,구분2013학년도 입학자부터2012학년도 입학자교직• 교직이론 14학점(7과목)					• 교직소양 6학점(3과목)					• 교육실습 4학점(2과목)• 교직이론 16학점(8과목)					• 교직소양 4학점(2과목)					• 교육실습 4학점(2과목)24학점24학점전공• 기본이수과목 21학점(7과목) 이상 포함					• 교과교육영역 9학점(3과목) 포함 					- 표시과목(학과)별로 이수• 기본이수과목 21학점(7과목) 이상 포함					• 교과교육영역 9학점(3과목) 포함					- 표시과목(학과)별로 이수총 50학점 이상총 50학점 이상성적기준• 전공과목 평균성적 75점(C+) 이상					• 교직과목 평균성적 80점(B0) 이상• 졸업전체 평균성적 75점(C+) 이상인적성 검사• 2012학년도 후기 졸업자부터(2013년 8월 졸업자부터 모두적용)					• 4학년 대상으로 2차 인적성검사 실시(1차는 교직이수 선발 당시 실시)					• 2차 인적성검사 부적격자는 아래 3가지 과정 모두 이수해야 함.①교직 주임교수와의 면담 ②심리검사 및 상담 ③교직 특성화 프로그램 재이수 또는 교육봉사 10시간 중 택1기타• 교직 특성화 프로그램(STV Ⅰ,Ⅱ) (연수 참여 및 ‘독서과목’이수)					• 일정 수준의 이상의 외국어능력 (외국어 교사자격증에 한함)• 산업체 현장실습 이수확인 (공업계 표시과목 취득에 한함) • 응급처치및심폐소생술 실습 2회 이상 이수• 성인지교육 2회 이상 이수 (21년 2월 9일 기준 졸업 전 남은 재학기간이 2학기 초과인 경우)			※ 전공50학점 이상 이수 : 교과교육영역과목이 기본이수과목에 포함되는 일부 학과의 경우, 53학점 이상 이수해야 함(예: 역사, 경영). 			※ 교직과정 이수요건은 교육부가 지정한 요건이며, 학교가 정하는 졸업요건을 동시에 충족하여야 졸업시 교원자격증 취득이 가능함. 			※ 교직과정이수자의 입학년도: 선발년도(2020년까지), 선발년도 –1(2022년부터)			복수전공 이수자: 복수전공 선발년도와 관계없이 주전공 입학연도에 따른 검정기준을 적용함
수업,교직이수,교직과정 세부 이수 내용(2013학년도 이후 입학자 기준)
수업,교직이수,구분영역과목명학점이수시기비고교직교직이론교육학개론23-1- 14학점 이상(7과목)교육철학및교육사22-2교육과정23-1교육평가23-1교육방법및교육공학23-2교육심리22-2교육사회23-1교육행정및교육경영24-2생활지도및상담24-1교직소양특수교육학개론23-2						- 6학점 이상(3과목)						- 학교폭력예방의이론과실제 : 2013년 선발자부터 교직소양과목으로 인정, 이전 선발자 수강시 교직소양으로 불인정					교직실무23-1학교폭력예방의이론과실제23-2교육실습학교현장실습24-1교육봉사활동2졸업이전- 2학점이상전공교과교육						(표시과목별)					OO교과교육론33-1						- 전공 이수 50학점에 포함						- 복수전공 이수시 교과교육영역 3과목 필수 이수						- 경영학과의 경우, 2017학년도 선발자부터 OO교수법 추가 이수 필수					OO교과교재연구및지도법33-2OO논리및논술에 관한 교육33-2기본이수과목전공별 지정 과목 이수21졸업이전						- 전공(학과)별 지정된 기본이수과목 이수						- 학과전공 과목에 한해 전공 이수 50학점에 포함					-특성화						프로그램					STV Ⅰ - 교직윤리함양워크숍-매년하계						- 교직윤리함양워크숍은 수강 후 2학기에 수강처리					STV Ⅱ - 교직소양을 위한 독서강좌 1,2 중 1과목 이상1졸업이전외국어						공인시험점수											영  어 :						(2006~2011학년도 입학자)TOEIC 700, CBT 203, IBT 82, TEPS 602, OPIc Intermediate Low 이상, TOEIC Speaking 120점 이상						(2012학년도 이후 입학자)TOEIC 800, IBT 91, TEPS 637, OPIc Intermediate Mid, TOEIC Speaking 130점 이상					-졸업이전						- 영어영문학과 졸업인증기준과 동일					일본어 :						(2004이후 입학자) JPT 700, JLPT 1급 이상						(2011 이후 입학자) JPT 800, JLPT 1급 이상					- 일어일문학과의 졸업인증기준과 동일하며, 일본어능력시험 이수 필수					산업체 						현장실습					공업계 표시과목						- 해당학과 : 전자, 정보통신, 건축, 건설환경					-졸업이전 응급처치 및						심폐소생술											1회차 : STV Ⅰ(1일차 교육시 진행 예정)						2회차 : 교육실습 파견 전(학교현장실습 수업 중 진행 예정)											2						4					- 대학의 장이 응급처치 및 심폐소생술 실습 강좌를 개설하여 운영했음에도 불구하고 이수를 못한 경우 외부기관(보건소,소방재난본부, 대한적십자사 등)에서 3시간 이상의 심화과정 실습을 실시 후 증빙서류(수료증 등)를 제출한 경우 예외적으로 인정할 수 있음성인지교육											1회차 : STV-1 예정						2회차 : 3학년 예정											2						3					 
수업,교직이수,교직교과과정 변경에 따른 2008학년도까지 입학자에 대한 경과 조치
수업,교직이수,1) 2011년 1학기부터 교과교육영역(OO교과교육론,OO교과교재연구및지도법)은 학과별 '전공선택'으로 개설됨에 따라 08학번까지의 학생이 재수강 또는 신수강하고자 할 경우, 교직학점으로 인정되나 전공학점에서는 제외된다.2) 신규로 개설된 교직과목을 이수할 경우, 교직학점으로 인정되나 기존과목을 신규과목 으로 대체는 불가능하다.				- 기존과목 : 교육학개론, 교육철학및교육사, 교육과정및교육평가, 교육심리, 교육사회, 교육행정및교육경영- 신규과목 : 생활지도및상담, 특수교육학개론, 교직실무, 학교폭력예방의이론과실제, 교육봉사활동, OO논리및논술, 교직소양을위한독서강좌1,2, 교직윤리함양워크숍3)「교육과정및교육평가」과목이 분리ㆍ개설됨에 따라 08학번까지의 학생이 재수강 또는 신수강하고자 할 경우, '교육과정' 과 '교육평가' 2과목을 모두 이수하여야 한다.4) 「학교폭력예방의이론과실제」은 2013학년도 선발자부터 교직소양으로 인정하며, 이전 학년도 선발자가 수강시 교직소양과목으로 인정하지 않는다.
수업,교직이수,복수교직과정에 관한 사항
수업,교직이수,				1) 교직과정 이수자로 선발된 학생이 교직이 설치된 학과를 복수전공하면서 복수교직자로 선발된 경우, 주전공에서 교원자격 취득요건 및 졸업요건을 갖추고, 복수교직에 대한 교원자격 취득요건을 갖추어야만 복수전공의 교원자격을 취득할 수 있음. 				※ 교직 복수전공은 해당학과 교직승인 인원의 2배수 이내에서 선발함(매학년 초 별도공지). 				※ 2008학년도 입학자(동 학년에 해당하는 편입자 포함)부터 학부 과정에서 부전공을 통한 교사자격제도 폐지			2) 복수교직 과정 이수학점 : 주전공 이수 조건과 동일하게 복수교직 전공학점 50학점 이상 이수				※ 복수교직자는 복수전공 표시과목의 교과교육영역 과목(00교과교육론, 00교과교재연구및지도법, 00논리및논술)을 반드시 별도로 이수해야 함(2017학년도 입학자부터 경영학전공은 상업교과교육론, 상업논리및논술, 상업교수법으로 지정됨). 				※ 복수교직 이수요건 : 교육부 지정요건으로 주교직 전공학점(50학점 이상), 복수교직 전공학점(50학점 이상) 				※ 교과교육영역과목이 기본이수과목으로 지정된 학과를 복수교직할 경우, 복수전공53학점 이상 이수하여야 함.   역사학과 : 선발년도 구분 없이 역사학과를 주(복수) 교직하는 경우 주전공(복수전공) 학점 53학점 이상 이수필수   경영학과 : 2017학년도 입학자부터 경영학과를 주(복수) 교직하는 경우 주전공(복수전공) 학점 53학점 이상 이수필수
수업,교직이수,교직과정 이수 유의사항
수업,교직이수,1) 교직과목은 2학년 2학기부터 매학기 개설되는 과목을 모두 이수해야 한다.2) 학과(전공)별 전공과목은 2009학년도 입학자부터는 기본이수영역에서 7과목 21학점 이상을 포함하여 총 50학점 이상 이수하여야 한다.3) 교원자격증 소지자로 대학에 학사 편입한 자는 교원자격 취득요건 및 교과교육영역(교과교육론, 교과교재연구및 지도법, 논리및논술에관한교육)을-->  필히 이수해야 한다.			3) 교육부가 지정하는 교직과정 이수요건 및 학교가 정하는 졸업요건을 동시에 충족하여야 졸업시 교원자격증 취득이 가능하다.4) 이수 예정자로 선발되지 않은 학생이 교직과목을 이수할 경우 졸업 학점에 교양 학점으로 처리된다.5) 교원자격증을 복수로 취득하고자 하는 학생이 주교직에서 교원자격증 취득요건을 갖추지 못하는 경우, 복수교직 취득요건을 갖추어도복수전공의 교원자격증을 취득할 수 없다.
수업,교직이수,교육실습(학교현장실습)
수업,교직이수,가. 교육실습 신청 및 실시				1) 신청기간 : 교직과정 이수자는 3학년 1학기 여름방학 중 정해진 기간에 교직과에 제출2) 실습시기 : 4학년 1학기(4월 또는 5월)중 4주간							※ 초과학기에도 실습이 가능하지만 3학년은 불가.3) 수강신청 : 교직과에 학교현장실습을 신청한 학생은 반드시 해당학기(4-1)에 학교현장실습 교과목을 수강신청하며, 정규강의로 편성됨.4) 교육실습(학교현장실습) 교과목을 수강신청하더라도 실습신청(신청서 제출, 실습비 납부 포함)을 하지 않은 학생은 실습대상에서 제외되며, 교육실습과목은 F학점으로 처리됨.5) 교육실습 실시 가능학교						- 본인의 모교 (중,고등학교)- 학교 협력학교 (11개 중,고등학교)6) 교육실습 오리엔테이션 및 사후평가 간담회(강의시간 중 진행)						- 오리엔테이션 : 3월 중순(별도 공지)- 사후평가 간담회 : 교육실습 후 5월 말(별도 공지)나. 교직복수전공 이수자				- 교육실습은 주전공 과목으로 한번만 실시하며, 복수전공의 교육실습은 면제. 단, 교과 특성상 복수전공과목으로 실시 가능함.
수업,교직이수,교육실습(교육봉사활동)
수업,교직이수,가. 배경 : 교원자격검정령 개정에 의거 2009학년도 입학자부터 교육실습영역의 교육봉사활동(2학점 60시간)을 반드시 이수하여야 한다.나. 대상자 : 2009학년도 입학자부터 (2009학년도에 선발된 이전 입학자 포함)다. 이수안내				1) 과 목 명 : 교육봉사활동 1, 2(각 1학점), 교육봉사활동 3(2학점)2) 이수학점 및 시간 : 2학점, 60시간(1학점당 30시간)							* 단, 하루에 8시간 이상 인정하지 않는다. 3) 이수구분 : 교직(교육실습영역),4) 이수시기 : 4학년 1학기까지(수강신청은 4학년 2학기까지 가능)						5) 수강신청 : 봉사활동 전 신청서를 교직과에 제출, 인정 가능한 봉사인지 확인한 후 봉사진행 후 확인서와 보고서를 교직과에 제출하면, 다음 정규학기에 ‘교육봉사’ 과목 수강신청됨(본인신청 불가, 교직과 일괄처리)* 30시간 - 교육봉사활동1 또는 2(총 2회 수강신청), 60시간 - 교육봉사활동3(1회 수강신청)* 봉사활동 완료일 이후 최초 도래하는 학기의 수강신청 기간 전에 교육봉사활동확인서와 교육봉사활동보고서를 교직과에 제출하여야 한다(봉사활동 후 휴학할 경우, 반드시 교직과를 방문하여야 한다).* 수강신청을 먼저 한 후 봉사활동을 할 경우, 기말고사 전까지 봉사활동을 완료하여 교육봉사활동 확인서 및 교육봉사활동 보고서가 제출되어야 성적이 부여됨.(4학년 1학기까지 봉사완료하지 못한 부득이한 경우에 한함)6) 성적처리 : P/NP라. 교육봉사활동기관 및 내용										1) 봉사활동 기관						학교현장실습 가능학교 전체(외국의 학교 제외) ※ 학교 외 공공기관에 등록된 비영리단체 가능(국가 또는 지방자치단체에 등록되어 인가증‧허가증 등이 있고, 비영리기관임을 확인할 수 있는 고유번호증을 보유한 기관으로 한정함)2) 봉사활동 시기 : 학기 중 또는 방학 중(4학년 1학기에 해당되는 하계 또는 동계방학까지)				마. 봉사활동 절차 안내				1.봉사활동기관(학교)섭외 및 일정 협의							- 본인이 직접 섭외 및 기간 협의- 또는 교직홈페이지에 공지되는 학교 신청※ 수시로 발생되므로 게시판 항상 참조!2.교육봉사활동 신청서 제출							- 섭외 및 기간이 확정되면 교육봉사활동 신청서를- 작성하여 교직과로 제출※ 교직홈페이지에 신청한 경우도 제출※ 봉사활동 시행 7일전까지 반드시 제출3.봉사활동 시행							- 해당 기관(학교)에서 봉사활동을 시행※ 교사로서 봉사활동을 진행하는 것이므로 그에 어울리는 자세와 성실함으로 임해주시기 바랍니다.4.확인서 및 보고서 제출							 - 봉사활동을 완료'한 후, 해당 기관(학교)에서 확인받은 '교육봉사활동확인서'와 '교육봉사활동보고서'를 교직과(수업과)로 제출5.'교육봉사' 수강신청							- 봉사활동을 완료한 후, '교육봉사' 과목을 수강신청- 기말고사에 P/NP 성적부여 (※ 수강신청학점 제외)									① 30시간씩 2회 : 교육봉사 1,2 (1학점ⅹ2과목 )② 60시간 1회 : 교육봉사 3 (2학점 ⅹ1과목 )						바. 교육봉사활동 학생을 별도로 요청하는 학교가 있을 경우, 교직과 홈페이지에 게재하여 선착순으로 신청 및 접수를 진행할 예정이니					교직과 홈페이지를 항상 참조하시기 바랍니다. 교직홈페이지										  ① '방문신청' 또는 해당 글의 하단에 '댓글작성'을 통해 신청						  ② 신청 후, 교육봉사활동신청서 제출 						  ③ 변경 또는 취소 불가				  * 협력학교와의 협조를 받는 것으로 신청 시, 변경 및 취소가 되지 않도록 신중히 신청하시기 바랍니다!!!															바. 제출양식				1) 교육봉사활동신청서 2) 교육봉사활동확인서 3) 교육봉사활동보고서 
수업,교직이수,전공과목(기본이수과목)
수업,교직이수,전공별(표시과목별)로 지정된 기본이수과목을 7과목, 21학점 이상 이수하여야 한다.			(단, 2008학년도 입학자까지는 5과목, 14학점 이상 이수하여야 한다.)
수업,교직이수,특성화 프로그램(Sejong Tradition &amp; Value)
수업,교직이수,1) STV- I 프로그램				- 연수 프로그램으로 하계 방학 시작과 동시에 진행되며, 2학년 이수 권장						상세 일정 및 프로그램 내용은 별도 공지 예정					2) STV- Ⅱ 프로그램				가. 교직소양을 위한 독서강좌 1, 2 중 한과목 이상 이수						- 교직소양을위한독서강좌 1 : 고전문을 중심으로 하여 1학기에 개설- 교직소양을위한독서강좌 2 : 현대문을 중심으로 하여 2학기에 개설나. 학 점 : 1학점, P/NP 부여다. 수강절차 및 평가방법						- 수강신청 학생은 개강 첫 주에 담당 교수의 안내를 받아 수강을 시작- 각각 지정된 도서 15권 중 각 영역에서 1권씩 총 4권을 선정하여 읽음- 도서는 학술정보원 수강 학생들에게만 대출하도록 지정됨								- 수강 학생은 담당교수에게 지정도서에 대한 완독과 이해 여부를 검증받기 위한 소정의 시험 진행								(단답형 필기시험과 구두시험 병행)							- 학기말에 Reading List의 해당 도서란에 4개 이상의 담당교수 서명을 받은 학생에게 P학점을 부여- 유의사항 : 도서 대출기간은 10일이며 2회 연장 시 최대 20일 까지 대출이 가능하며, 대출을 2회 이상 연체하는 학생에게는 과락(Fail) 학점 처리
수업,교직이수,외국어 점수 취득
수업,교직이수,가. 대상자 : 영어영문학과 및 일어일문학과 교직과정 이수예정자나. 점수기준 : 영어, 일어 모두 입학년도별 학과 졸업기준									- 영 어 : TOEIC 700점, CBT 203점, IBT 82점, TEPS 602점 이상					- 일본어 : JPT 700점, JLPT 1급 이상				다. 제출기한 및 제출처 : 학기중 원본 확인 및 사본 제출(교직과)				- 졸업예정자, 즉 최종학기 이수자는 무시험검정원서 접수 기간 내에 제출해야 함.
수업,교직이수,산업체 현장실습
수업,교직이수,가. 대상자 : 공업계(전자, 정보통신, 건축, 건설환경공학 전공) 교직이수 예정자나. 산업체 :『직업교육훈련촉진법』에 의해 노동부장관과 현장실습 계약을 체결한 산업체, 대학의 장과 교육실습이나 현장실습 계약을				체결한 산업체 또는 대학의 장이 현장실습을 요청하여 동의서를 받은 산업체			다. 산업체 현장실습 해당 공업계 표시과목				- 교육부고시 1997-11호('97.12. 9)에 의한 공업계 표시과목 『공업, 기계, 건축, 토목, 전기, 전자, 통신, 화공, 섬유, 금속, 자원, 공예,						자동차, 요업, 조선, 인쇄, 전자기계, 전자계산기, 환경공업, 중기 』					- 교육부고시 2000-1호(2000. 1.28)에 의한 공업계 표시과목 『전기•전자•통신, 기계•금속, 화공•섬유, 자원•환경, 건설, 요업, 인쇄』라. 실습시기 : 3학년 또는 4학년 방학 중 선택하여 4주 이상 실시하되, 수강신청은 4학년 2학기까지 가능함.				마. 수강신청 및 서류제출				현장실습 후 반드시 보고서와 출근부를 본인 '학과사무실'에 제출해야 함.				현장실습 후 반드시 '현장실습' 과목을 수강신청하여 이수해야 함.			바. 현장실습 학점 및 성적 : P/NP 부여사. 공업에 관한 표시과목을 교직복수전공으로 취득하고자 하는 경우에도 산업체 현장실습을 이수해야 함.
수업,교직이수,교원자격 무시험검정 신청 및 교원자격증 발급 심사
수업,교직이수,가. 교원자격증 심사는 1년에 두 번 심사하여 발급하며, 2월 졸업예정자(전기)는 전년도 11월, 8월 졸업예정자(후기)는 5월에 교원자격증				무시험검정원서를 제출하여야 한다.			나. 교원자격 무시험검정(교원자격증 발급 심사)				심사 내용 : 학위등록확인, 교직 이수 예정자 확인, 교직과목 • 전공과목 • 기본이수 영역 이수, 성적, 교원자격 취득 결격사유 및 기타 확인				(특성화 프로그램 이수 및 외국어 점수 취득 여부 등)			다. 교직 및 전공과목 성적 검정 방법				- 입학년도별 성적기준을 충족시켜야 함.- 성적 검정 방법 : 총 평점(과목별 학점 × 표1] 평점의 합계)을 총 학점수로 나누어 평균평점을 산출하고 표2]에서 환산점수를 확인.※ 교원자격증 발급 심사 후 학위수여 관련 부서의 졸업요건 심사 통과자에 한해 교원자격증이 발급된다.라. 구비서류				- 교원자격무시험검정원서 1매- 교원자격 취득 결격사유 확인서류* 편입생 중 교원자격증소지자로서 다른 전공 교원자격증을 신청하는 경우, 기존 교원자격증 사본 첨부하여 신청-->
수업,교직이수,표1] 각 교과목 등급별 평점환산 기준표
수업,교직이수,등급평점A+ 4.5A0 4.0B+ 3.5B0 3.0C+ 2.5C0 2.0D+ 1.5D0 1.0F,FA0
수업,교직이수,표2] 총평점평균 평균성적환산 기준표
수업,교직이수,성적평점환산점수성적평점환산점수평점환산점수평점환산점수평점환산점수A+4.5100B+3.589C+2.579D+1.5694.45993.4882.4781.4684.4983.3872.3771.3674.3973.2862.2761.2664.2963.1852.1751.1654.195      A˚4.094B˚3.084C˚2.074D˚1.0643.9932.9831.9730.9633.8922.8821.8720.8623.7912.7811.7710.7613.6902.6801.6700.660         F0.559
수업,교직이수,교원자격증 발급 및 재교부·정정
수업,교직이수,• 교원자격증 발급				교원자격증 발급 기준에 따라 졸업일에 교원자격증 발급			• 교원자격증 정정 및 재교부① 재교부 신청 : 재교부신청서 1부(소정양식)② 기재사항 정정신청 : 교원자격증 기재사항 정정 신청서 1부(소정양식), 교원자격증, 주민등록초본 (성명, 생년월일 정정시에는 호적초본)③ 재교부 가능한 졸업년도 중등학교2급정교사 : 1988년 8월 이후 졸업자※ 1988년 2월 이전 졸업생은 시ㆍ도교육청에서 발급 받아야 됨※ 각종 양식은 학교 홈페이지 - 정보광장 - 교내양식 참고
수업,교직이수,교직이수 포기
수업,교직이수,가. 교직과정 이수 중 교직과정 이수를 더 이상 할 수 없는 사유가 발생했을 경우에는 해당 학생 본인이 직접 교직과정 이수 포기확인서를 작성하여 수업과로 제출하여야함.나. 기간 : 개강 후 2주 이내, 졸업예정자는 학기중 수시 진행(학사공지 참조)* 교직과정 이수예정자로 선발된 자가 전과등의 사유로 소속을 변경 할 경우 교직이수를 포기한 것으로 간주함.
수업,교직이수,교직과정 이수자의 해외교환교류 과목 인정불가 - 교육부 기준 근거
수업,교직이수,1) 해외교환교류 대학에서 수강한 과목은 교직과목과 유사하더라도 교직과목으로 인정하지 않음.2) 해외교환교류 대학에서 수강한 과목은 전공별 기본이수과목, 교과교육영역과목과 유사하더라도 인정하지 않음.
수업,교직이수,산업디자인학과 교직과정 이수자 학적변경 불가 – 교육부 승인결과 기준
수업,교직이수,1) 산업디자인학과 교직과정 이수자는 소프트웨어융합대학 창의소프트학부 디자인이노베이션전공으로 학적변경이 불가함.2) 산업디자인학과 교직과정 이수자가 학적변경을 희망할 경우, 교직과정 이수를 포기하여야 함.
학적,등록,등록
학적,등록,매 학기 개강 전 대학에서 지정한 기간내에 소정의 등록금을 납부해야 해당 학기의 학생자격을 인정받게 됩니다.
학적,등록,① 1학기 등록 : 2월 중순② 2학기 등록 : 8월 중순(매학기 시작 전 홈페이지 등을 통하여 공지)
학적,등록,등록금 고지서 출력
학적,등록,세종대학교 홈페이지; 학사정보시스템 ; 로그인; 등록금 고지서 출력
학적,등록,등록금 납부 은행
학적,등록,우리은행, 국민은행, 농협, 신한은행, 우체국 전국 각 지점
학적,등록,기타 유의사항
학적,등록,등록금을 내고서 일반휴학은 불가능합니다.(군휴학의 경우만 가능)				휴학(개강 후 6주이내)이나 자퇴 등의 사유로 등록금 환급이 발생하는 경우 입학금과 수업료에 관한 규칙에 따라 아래의 금액을 환급합니다.			
학적,등록,기간환급 금액학기 개시일 전수업료 전액학기 개시일 30일 경과 전수업료 5/6 해당액학기 개시일 30일 경과한 날부터 60일 경과전수업료 2/3 해당액학기 개시일 60일 경과한 날부터 90일 경과전 수업료 1/2 해당액학기 개시일 90일 경과 후반환하지 아니함			※ 1학기 개시일 : 3월 1일, 2학기 개시일 : 9월 1일			
학적,휴학,가정사정, 질병, 군입대 등 기타 부득이한 사유로 당해 학기를 등록할 수 없어 휴학을 해야하는 경우가 생긴다. 			이 경우 그 절차와 기간, 등록금 관계를 자세하게 살펴보아야 한다.
학적,휴학,일반휴학
학적,휴학,① 사유 : 가정사정, 질병, 군입대 예정 등 기타 부득이한 사유② 신청기간 : 매학기 휴학신청기간(통상 개강 한달전)③ 신청방법 : 본교 홈페이지 학사정보서비스에 로그인  하여 인터넷으로 신청(제출서류 없음)④ 유의사항				- 일반휴학은 1학기 또는 1년 단위로 하며, 통산 6학기를 초과할 수 없다.(군입대 휴학기간은 제외)						- 신입생은 입학 후 1년간, 편입생은 편입학 후 한학기간 휴학을 할 수 없다.						다만, 군입대 및 중병(4주이상 종합병원에서 입원치료 : 입원확인서 및 진단서 제출)시에는 휴학이 가능하다.					- 개강일 이후에 일반휴학을 하면 등록금이 차감되고 나머지 금액을 환불 받아야 하므로 주의해야 한다.- 학기 개시 후 6주가 경과하면 일반휴학이 불가하다.- 휴학기간 만료 후 미복학 시에는 미복학 제적 처리되므로 주의해야 한다.
학적,휴학,군입대 휴학
학적,휴학,① 사유 : 입영통지서를 받은 경우② 신청기간 : 입영통지서 수령 시 입대전 까지 학적과에 제출해야 함.③ 신청방법 (학사정보시스템으로 휴학신청 불가, 입영통지서 사본 제출 요망)가. 입영통지서 미소지자(4월 이후 입대자) : 휴학신청 기간 중 인터넷으로 일반휴학 신청 후, 입영통지서를 수령하여 학적과에 이메일로 제출해주시기 바랍니다.나. 입영통지서 소지자 : 아래의 방법으로 입영통지서를 제출하여 군휴학을 신청합니다.						다. 입영통지서 제출 방법 이메일(reg@sejong.ac.kr)로 제출, 이메일 제출 후 반드시 이메일 수신여부를 회신받아야 함.					라. 군휴학 제출서류 : 입영통지서, 병적증명서 중 택일마. 군휴학 신청시기 : 입대일 두달 전 ~ 입대일 까지④ 유의사항				입대 후 귀향 조치된 자, 의가사제대자 또는 조기전역자(귀향증 또는 전역증 사본 첨부)는 해당사유 발생 즉시 학적과에 신고하여 군휴학을 일반휴학으로 변경하여야 하며, 미신고로 인한 제적 등의 책임은 학생에게 있음.※ 군휴학 서류 이메일 발송 시 유의사항 - 본인의 학과, 학번, 연락처 기재 후 발송 - 암호가 걸린 입영통지서는 확인 불가하므로 사진 또는 스캔파일로 보내야 함
학적,휴학,중간고사 종료일 이후 군입대 휴학자의 학점인정
학적,휴학,① 휴학하는 학기의 성적인정을 희망하는 경우				- 입대일 2주전까지의 학업성적과 출석 및 과제물에 의하여 성적평가를 하게 된다.- 입대일 2주전에 학적과에 방문하여 입영통지서 및 군입대자 성적확인서를 제출하여야 함.② 휴학하는 학기의 성적불인정을 희망하는 경우 (기말고사 시작일 이전 입대자에 한함)				- 복학 후 휴학 당시의 학기를 다시 다녀야 하며, 해당학기의 등록금은 복학하는 학기의 등록금으로 대체된다.- 입대일 2주전에 학적과에 방문하여 입영통지서 및 성적불인정원서를 제출하여야 함.
학적,휴학,휴학원서 양식
학적,복학,복학기간
학적,복학,매학기 개강 한달 전(통상 1월말, 7월말)
학적,복학,복학절차
학적,복학,복학신청 기간에 학교 홈페이지 학사정보서비스에서 복학신청을 하면 된다.
학적,복학,군복학 신청 후 학사정보시스템에서 예비군전입신고를 반드시 하기 바람(자세한 문의는 예비군 사무실 02- 3408-3087)
학적,복학,유의사항
학적,복학,① 휴학기간 만료 후 미 복학시에는 제적 처리되므로 주의해야 한다.② 군복무기간이 소정의 복학기간을 초과할 때는 당초 휴학기간 만료 3개월 이전에 증빙서류(병적증명서)를 구비하여 학적과에 신고하여야 한다.학적,제적,① 시험중 부정행위자학사경고 처리되며, 해당과목의 성적을 F로 처리한다. 단, 재학중 다시 부정행위로 적발된 경우 자동 제적처리된다.② 지정 등록기간에 등록을 마치지 않은 학생(등록금 납부 후 수강신청 하지 않은 학생 포함)③ 휴학기간 만료에도 복학하지 않은 학생④ 타 대학에 입학하거나 이중학적을 보유한 학생⑤ 질병, 기타 사유로 학업을 성취할 가망이 없는 학생⑥ 기타 학생상벌 규정에 의해 제적이 결정된 학생
학적,자퇴,자퇴사유
학적,자퇴,가정사정, 질병, 기타 부득이한 사정 등 
학적,자퇴,준비물
학적,자퇴,① 본인 서명 및 도장
학적,자퇴,제출 기간
학적,자퇴,연중. 단, 기말고사기간부터 성적사정회 까지는 자진퇴학 불허.
학적,자퇴,제출처
학적,자퇴,자퇴원서의 지도교수-;학과장-;대출실-;학생지원과를 경유하여 학적과(학생회관 204호)에 제출
학적,재입학,재입학 자격
학적,재입학,경제적 사유 등 기타 부득이한 사유로 자퇴, 미등록, 미복학, 성적불량 제적(전과목 F, 학사경고 연속3회)으로 제적된 학생.			단, 성적불량 제적자의 경우 제적 1년 경과 후 재입학이 허용됨 (1학년 1학기중 자퇴자, 성행불량징계 제적자는 재입학이 불가함) 
학적,재입학,재입학허가
학적,재입학,매 학기 시작 3개월 전(통상 6월, 12월)에 홈페이지에 재입학 신청 공지를 하며, 소정의 절차에 따라 재입학 신청을 하였을 경우, 편제정원에 여석이 있으면 재입학을 허가한다.			(단, 제적당시의 학과(부)가 폐과되었을 경우 재입학이 불가할 수 있음)
학적,재입학,제출서류
학적,재입학,		재입학 신청서, 성적증명서		
학적,재입학,등록 및 수강신청
학적,재입학,재입학 허가자에 한하여 개별 통지 
학적,재입학,유의사항
학적,재입학,① 재입학은 1회만 허가하므로 유의해야 한다.② 재입학이 허가되면 정해진 기간에 수강신청 및 등록(입학금 및 수업료)을 필해야 하며, 등록하지 않을 경우, 합격이 취소될 수 있다.③ 재입학이 허가되면 본인이 이수한 학기 및 학점이 그대로 인정된다.학적,과,재적 중인 학부(과)에서 다른 학부(과)로 모집단위를 변경하는 절차
학적,전과,모집인원 : 모집단위의 30% 이내
학적,전과,※ 전출인원 제한 : 원소속학과 모집단위 인원의 30% 이내(전과 지원 시 대학성적순(평점평균))
학적,전과,※ 전출인원 제한 : 원소속학과 모집단위 인원의 30% 이내(전과 지원 시 대학성적순(평점평균))
학적,전과,① 2학기~5학기를 이수중이거나 이수한 자(4학년도 가능)② 1학년 수료학점 33학점 이상을 취득한 자(단, 졸업학점이 140학점인 학과는 35학점이상 취득한자)③ 전출학과 및 전입학과 학과장의 승인을 득한 자
학적,전과,지원제한
학적,전과,① 같은 학부 내의 타 전공으로의 지원 불가② 타 학과에서 호텔외식관광프랜차이즈경영학과로의 전부(과) 지원 불가③ 호텔외식관광프랜차이즈경영학과 입학자, 국방시스템공학과 입학자, 군장학생특별전형 입학자, 계약학과, 편입학자는 지원 불가
학적,전과,전형방법 : 대학성적 50%, 면접 50% (예체능대학은 실기시험 가능)
학적,전과,신청시기 : 6월, 12월 중(5월, 11월 중 학사공지에 게시)
학적,전과,유의사항
학적,전과,① 재적 중 1회, 1개 학과에 한하여 전부(과) 가능함② 전부(과) 이전에 취득한 전공과목은 교양학점으로 변경되며, 전부(과)한 학과의 모든 교과 과정을 새로 이수하여야 졸업 가능함③ 전부(과) 합격자 중 교직이수예정자는 교직이수 자격을 상실함
학적,전공선발,2022학년도 전공 선발 절차 및 선발인원
학적,전공선발,전공신청 대상 및 신청방법
학적,전공선발,① 신청기간 : 2022. 11. 01 ~ 11. 10 예정② 신청대상 : 2022학년도 입학생 및 전공 미신청 이전 입학자 중 재학생③ 신청방법 : 학사정보시스템 - 전공신청 - 하단의 신청상세내역(원하는 전공 순서대로 신청)				- 저장 완료④ 신청확인 : 학사정보시스템  - 전공 신청 - 중간의 전공신청내역 확인⑤ 결과발표 : 2023년 2월 공지예정⑥ 유의사항				- 전공신청 지망 순위는 신청기간 종료 후 변경할 수 없다.- 전공신청 대상자는 반드시 전공신청을 하여야 하며, 전공신청을 하지 않은 학생은 제1지망자가 가장 작은 전공으로 임의 배정한다.
학적,전공선발,선발절차 및 기준
학적,전공선발,1) 전공신청기간 현재 1학년 2학기 재학생(2002학년도 이후 입학자 중 재적변동자 포함)은 학사정보시스템에 로그인하여 본인 입학년도의 모집단위 전공을 지망하는 순서대로 직접 신청해야 한다.2) 전공신청 지망 순위는 신청기간 종료 후 변경할 수 없으며, 전공신청을 하지 않은 학생은 제1지망자가 가장 적은 전공으로 임의 배정한다.3) 전공별로 제1지망자를 대상으로 선발하되 선발 인원을 초과한 경우 1학년 전체 성적(평점평균)순으로 선발한다.성적(평점평균)이 같을 때에는 평점합계, 취득학점합계, 성적취득과목수 순으로 적용한다. 이러한 순서에 의하여 커트라인에 동점자 발생 시 전원 선발한다. 전공별 선발 인원에 미달된 경우 차순위 지망자를 대상으로 선발한다.4) 성적으로 선발하게 되는 경우 1학년 1학기 성적을 취득하고 학기 불일치 복학 또는 재입학으로 3개 학기 성적을 취득한 학생은 전체 학기의 총 평점평균을 기준으로 선발한다.5) 휴학 등으로 인해 입학년도에 전공신청하지 못한 학생 및 재입학생은 본인의 성적이 입학년도 선발 최저 성적보다 높은 전공 중에서 본인이 신청한 전공 순위로 배정한다. 단, 1지망이 미달된 경우는 본인이 신청하는 대로 승인한다.6) 컴퓨터공학부 전공 배정 : 2002 ~ 2005학년도 컴퓨터공학부 입학자 중 복학, 재입학하면서 컴퓨터공학, 디지털콘텐츠 전공을 신청하는 경우 본인이 신청하는 대로 승인한다.7) 지능기전공학부입학자는 반드시 스마트기기공학전공, 무인이동체공학전공 중 전공배정을 신청해야 한다.8) 경영학부, 법학부(자유전공학부), 창의소프트 학부는 전공배정신청을 하지 않아도 된다.
학적,전공선발,2022학년도 전공배정 비율 및 인원 현황
학적,전공선발,모집단위학과(전공)2022학년도  입학정원선발정원(%,명)비고국제학부영어영문학전공108신청자의 47%일어일문학전공신청자의 27%중국통상학전공신청자의 26%호텔관광외식경영학부호텔관광경영학전공122신청자의 80%외식경영학전공신청자의 35%생명시스템공학부식품생명공학전공14840명바이오융합공학전공72명바이오산업자원공학전공36명지능기전학부스마트기기공학전공142신청자의 55%무인이동체공학전공신청자의 55%기계항공우주공학부기계공학전공130신청자의 55%항공우주공학전공신청자의 55%※ 신청자 : 각 학부별 전공신청자 총 인원※ 생명시스템공학부의 경우, 전공신청 총인원에 변동이 있을 경우 비율에 따라 조정됨.※ 경영학부는 경영학전공으로 일괄배정, 법학부는 법학전공으로 일괄배정※ 창의소프트학부는 입학전 선택한 전공에 따라 일괄배정
학적,전공선발,2013학년도 이전 입학자 선발인원
학적,전공선발,1) 2010학년도부터 학과제로 모집단위가 변경된 학과의 기존 학번(09학번까지) 전공 배정				: 전자공학전공, 정보통신공학전공, 광전자공학전공, 건설(토목)환경공학전공, 공간(지구)정보공학전공을 신청할 경우 본인의 성적이 입학년도 선발 최저 성적보다 높은 전공 중에서 본인이 신청한 전공 순				위로 배정한다.			
학적,전공선발,구분모집단위학과(전공)선발정원(명)비고전공계2010년학과제로 변경전자정보통신공학부전자공학신청자의 50%5명 이하일 경우입학년도 선발최저성적 기준으로 배정정보통신공학신청자의 50%광전자공학신청자의 50%토목환경지구정보공학부토목(건설)환경공학신청자의 60% 지구(공간)정보공학신청자의 60% 
학적,전공선발,2) 2011학년도부터 학과제로 모집단위가 변경된 학과의 기존 학번(10학번까지) 전공 배정				: 물리학전공, 천문우주학전공, 컴퓨터공학전공, 디지털콘텐츠공학을 신청할 경우, 본인의 성적이				입학년도 선발 최저 성적보다 높은전공 중에서 본인이 신청한 전공순위로 배정한다. 단, 1지				망이 미달된 경우 본인이 신청하는 대로 승인한다.			3) 2013학년도부터 학과제로 모집단위가 변경된 학과의 기존 학번(12학번까지) 전공 배정				: 식품공학전공, 생명공학전공, 분자생물학전공은 단일전공이므로 각 학부의 전공으로 배정히며,				신소재공학전공과 나노공학전공은 본인의 성적이 입학년도 선발 최저 성적보다 높은 전공 중에서				본인이 신청한 전공순위로 배정한다			
학적,복수전공 및 부전공,복수전공·부전공 신청 및 이수
학적,복수전공 및 부전공,① 복수ㆍ부전공 신청 범위 				신청자의 입학년도 모집단위인 전공(학과)만 신청이 가능하다.				(※ 신청불가학과: 호텔외식비즈니스학과, 호텔외식관광프랜차이즈경영학과, 국방시스템공학과, 항공시스템공학과, 글로벌조리학과)			② 대 상 자: 2학기 이상 재학중인 자(1학년2학기 학생, 2 ~ 4학년 재학생)③ 신청기간 : 1학기 5월 중 실시(홈페이지공지예정)2학기 11월 중 실시(홈페이지공지예정)④ 신청방법:학사정보시스템 로그인 후 신청 → 신청서 출력 → 주전공학과장 날인 → 복수ㆍ부전공학과장 날인 → 해당 복수ㆍ부전공학과 사무실에 제출⑤ 선발발표 : 학사공지 참고(1학기 7월 중, 2학기 차기년 1월중)⑥ 이수시기: 선발이후 학기부터 복수ㆍ부전공 교과과정을 이수한다.⑦ 복수ㆍ부전공 포기: 매학기 개강 후 지정된 기간에 포기할 수 있으며, 복수전공이수포기서 또는 부전공이수포기서를 작성하여 해당 학과사무실에 제출한다.(홈페이지 학사공지 게재)⑧ 복수전공을 포기하고 이수한 학점을 부전공으로 전환하는 방법				 1) 복수전공을 포기한 후, 부전공 선발절차를 진행한다. 2) 단, 졸업예정자(최종학기 등록자)는 '복수전공 포기 및 부전공신청서'를 제출한다.⑨ 복수전공 이수학점1) 입학년도별 이수학점						구 분2005학년도 ~2011학년도 입학자2012학년도 입학자2013학년도 입학자2014학년도 이후입학자복수전공 이수학점주전공,복수전공 각각전필 : 15학점전선 : 24학점합계 : 39학점건축학 전공자가복수전공 이수시주전공 117										(전필 99, 전선 18)복수전공 39										(전필 15, 전선 24)									주전공 123(전필 99, 전선 24)복수전공 39(전필 15, 전선 24)타전공자가 건축학 복수전공 이수시주전공 39										(전필 15, 전선 24)복수전공 117										(전필 99, 전선 18)									주전공 39(전필 15, 전선 24)										복수전공 123(전필 99, 전선 24)									타전공자가 법과사회복수전공 이수시주전공 39 (전필 15, 전선 24)										복수전공 39 (전필 15, 전선 24)									주전공 39										(전필 15, 전선 24)										복수전공 39										(전필 24, 전선 15) 법학 전공자가복수전공 이수시 주전공 39(전필 24, 전선 15)										복수전공 39(전필 15, 전선 24)									항공시스템공학과 전공자가 복수전공 이수시 주전공 49										(전필 38,전선 11)										복수전공 39										(전필 15,전선 24)									2) 국방시스템공학과의 복수전공 이수학점						주전공복수전공 가능학과(전공)복수전공 이수학점국방시스템공학과영어영문학, 경제통상학, 경영학, 컴퓨터공학, 정보보호학, 기계공학, 항공우주공학2012학년 ~2013년 입학자주전공 : 전필 24학점, 전선 21학점 총 45학점										복수전공 : 전필 15학점, 전선 24학점 총 39학점																			국어국문학, 영어영문학, 일어일문학, 중국통상학, 역사학, 교육학, 행정학, 신문방송학, 경영학, 경제학, 수학, 응용통계학, 물리학, 천문우주학(2015학년 입학자부터:물리천문학), 화학, 식품생명공학, 바이오융합공학, 바이오산업자원공학, 전자공학, 정보통신공학, 광전자공학(2015학년 입학자부터 : 전자정보통신공학), 컴퓨터공학, 정보보호학, 디지털콘텐츠학, 건축공학, 건설환경공학, 환경에너지공간융합학, 기계공학, 항공우주공학, 나노신소재공학, 원자력공학									2014학년 입학자주전공 : 전필 25학점, 전선 21학점 총 46학점										복수전공 : 전필 15학점, 전선 24학점 총 39학점									2015학년 입학자부터주전공 : 전필 39학점, 전선 6학점 총 45학점										복수전공 : 전필 15학점, 전선 24학점 총 39학점									※ 국방시스템공학과는 2016학년 이전 입학자까지만 복수전공이 의무이며, 2017학년 입학자부터는 복수전공 의무화 폐지됨※ 국방시스템공학과는 복수전공 이수가 필수사항임.-->※ 자유전공학부 법과사회전공 : 복수전공 의무화 폐지 및 복수전공 가능학과 제한 폐지.-->3) 2012학년도 이후 입학자가 복수전공 이수시, 학과(전공)별 지정된 과목 이수필수2012학년도 이후 입학자 복수전공 이수자의 학과별 필수이수 지정과목 -->학과학과지정 전공필수 교과목총지정학점과목명학점일어일문학전공일본어능력시험0-중국통상학전공중국어능력시험0-경제학과거시경제학312계량경제학3경제수학3미시경제학3경영학전공경영학원론33기계공학전공고체역학312유체역학3열역학3동역학3										음악과										2012년 입학자부터									전공실기1,2,3,4,5,6,77중415전공실기81연주1,2,3,4,5,6,714중8연주82졸업작품(P/NP)P영화예술학과(연기)공연의이해와감상215기초연기13기초연기23무대매커니즘11텍스트와연기실습13공연제작Project23영화예술학과(연출제작)영화개론315연출론2영화제작론2동양영화사2작품분석2다큐영화제작2스토리텔링2컴퓨터공학과2015학년도 입학자부터(괄호안의 과목과 학점은2015학년도 입학자의경우에만 인정가능함)C프로그래밍및실습(C프로그래밍)4(3)15(12)알고리즘및실습(알고리즘)4(3)자료구조및실습(데이터구조론)4(3)운영체제34) 공인어학능력시험 점수 취득이 필요한 학과를 복수전공할 경우, 학과가 정한 기준에 따라 이수해야 함.※ 일어일문학과, 중국통상학과 : 교과목명 일본어능력시험], 중국어능력시험] 이수 필수※ 입학년도별 어학 취득점수 적용기준이 상이하므로 해당학과 확인 필수⑩ 부전공 이수학점				1) 모든 전공(학과) 21학점(건축학 부전공은 51학점)이상 이수시 부전공으로 인정함.2) 중국통상학을 부전공으로 이수시 공인어학능력시험 점수 취득조건은 폐지되었음.⑪ 편입생 복수전공 전공기초 경과조치				1) 대상 : 복수전공을 하는 2013학년도 이전 편입생(11학번까지)2) 경과조치 전 원칙 :　편입생은 복수전공시 주전공과 복수전공의 전공기초를 모두 이수해야함.						- 전공기초 해제에 따른 경과조치(현행) : 전공기초 학점은 졸업요구학점에서 제외함.					⑫ 유의사항				1) 자신의 전공과 유사한 학문 분야를 복수전공하고자 할 경우, 전공과 동일한 교과목을 제외한 나머지 교과목을 이수하여 복수전공 학점을 충족시킬 수 있는지 고려해야 함.2) 공학인증프로그램의 복수전공 신청 및 이수는 공학교육인증운영위원회가 정하는 기준에 따름.3) 복수전공·부전공을 이수할 경우 정규학기 내에 졸업이 어려울 수도 있음.
학적,복수전공 및 부전공,공학인증프로그램의 복수전공 신청 및 이수
학적,복수전공 및 부전공,공학인증프로그램 해당 전공을 복수전공 하고자 할 경우 의무적으로 공학인증을 프로그램을 이수해야 하는 것은 아니다. 단, 복수전공 학생이 공학인증 프로그램 이수를 희망하면 각 학과의 PD교수님과 면담하여 각 학과에서 정한 기준을 만족하면 된다.
학적,제2전공,① 신청범위 : 신청자의 입학년도 모집단위 전공(학과)(※ 신청불가학과 : 호텔외식비즈니스학과, 호텔외식관광프랜차이즈경영학과, 국방시스템공학과, 항공시스템공학과)② 신청자격 : 1학년 ~ 4학년 재학생(학ㆍ석사 연계과정 이수자 제외)③ 신청기간 및 선발발표 : 1학기 5월 중 (홈페이지 공지예정)2학기 11월 중(홈페이지 공지 예정)④ 신청방법 : 학사정보시스템 로그인, 신청 → 신청서 출력 → 주전공학과장 날인 → 제2전공학과장 날인 → 해당 제2전공학과 사무실에 제출⑤ 과정이수 :				1) 졸업요건을 갖춘 이후 학기부터 제2전공 교과과정을 이수해야 함.2) 해당 학과(전공)의 교과과정에서 정한 교과목 중에서 39학점(건축학 전공은 123학점) 이상 이수.3) 제 2전공 이수시, 학과(전공)별 지정된 과목 이수필수(⓽항 참고).4) 일어일문학, 중국통상학을 제2전공할 경우, 학과가 정한 공인어학능력시험 점수취득 및 관련 과목을 필수로 이수해야 함						(※입학년도별 어학 취득점수 적용기준이 상이하므로 해당학과 확인 필수).					⑥ 학점인정 :				1) 기 이수한 교과목이 제2전공 교과목과 동일한 경우, 학과장 승인을 받아 9학점까지 제2전공 학점으로 인정받을 수 있음(단, 전공학점으로 인정받은 교과목은 제외)2) 제2전공 이수 시 기 이수한 교과목의 재수강은 불가함.⑦ 등록 : 제2전공 진입 후 등록에 관한 사항은 학사내규 제5조에 따름.⑧ 학위수여 : 제2전공 이수 완료 후 주전공 및 제2전공 학위를 수여함.⑨  2012학년도 이후 입학자 제2전공 이수자의 학과별 필수이수 지정과목 -->학과학과지정 전공필수 교과목총지정학점과목명학점일어일문학전공일본어능력시험0-중국통상학전공중국어능력시험0-경제학과								거시경제학							312계량경제학3경제수학3미시경제학3기계공학전공고체역학312유체역학3열역학3동역학3								음악과								2012년 입학자부터							전공실기1,2,3,4,5,6,721 중 1215전공실기83영화예술학과								(연기)							드라마텍스트읽기215기초연기13기초연기23무대매커니즘11중급연기13공연제작Project23컴퓨터공학과2015학년도 입학자부터(괄호안의 과목과 학점은2015학년도 입학자의경우에만 인정가능함)C프로그래밍및실습(C프로그래밍)4(3)15(12)알고리즘및실습(알고리즘)4(3)자료구조및실습(데이터구조론)4(3)운영체제3
학적,제2전공,학사 Q&amp;A;학사 FAQ;
학적,연계융합전공,연계·융합전공이란? 
학적,연계융합전공,- AI(인공지능)를 기반으로 2개 이상의 전공이 융합되어 실천창업 도전에 따른 성과를 도출 할 수 있는 새로운 교과과정- AI융합 연계교육을 기초로 한 학문기반 융합클러스터 조성
학적,연계융합전공,AI연계융합전공이란? 
학적,연계융합전공,- AI과목과 캡스톤디자인을 통한 AI와의 융합을 통해 AI(인공지능)를  더욱 강화한 전공
학적,연계융합전공,연계·융합전공 및 AI연계융합전공 이수학점
학적,연계융합전공,구분연계·융합전공AI연계융합전공이수학점39학점전필15학점15학점전선24학점24학점학위주전공, 융합학사주전공, 융합학사공통※ 주전공 필수이수학점 각 학과별 상이함유의사항							각 전공별 교과과정표 요람 확인, 							자세한 사항은 융합전공 사무실 문의						연계융합전공 이수학점-->-->-->-->-->-->-->-->신청대상자재학생 2학기 이상 재학중인 자 (1학년 2학기 이상 재학생), 휴학자는 신청불가			- 호텔외식비즈니스학과, 호텔외식관광프랜차이즈경영학과, 글로벌조리학과 학생은 신청불가		신청기간			세종대 학사공지사항 참고바람		신청방법① 융합창업 연계전공② AI연계융합전공내 각 프로그램 및 각 융합전공(융합창업 연계전공 제외모든 학과)학사정보시스템에서 신청 → 신청서 출력 → (코로나로 인하여 주전공 소속 학과장님 서명날인 생략) →융합창업 연계전공 사무실로 연락학사정보시스템에서 신청 → 신청서 출력 → (코로나로 인하여 주전공 소속 학과장님 서명날인 생략) →집현관 606호 대학혁신지원사업추진단 사무실로 직접 신청서 제출 또는 스캔하여 이메일(비대면) 제출 → 대학혁신지원사업추진단에서 각 연계전공 학과장님 날인 일괄 처리 예정신청유의사항① 연계·융합전공을 동일학기에 동시에 신청 할 수 없음				② 연계·융합전공 , AI연계융합전공 이수학점 및 교과과정 상이. 				반드시 수강편람을 참고하여 졸업에 착오가 없도록 이수하시기 바람			세종대 학사공지사항 참고바람연계·융합전공 이수 포기 신청기간 및 이수포기서 제출방법세종대 학사공지사항 참고바람연계·융합 전공 문의 전화 운영사항사무실연락처융합창업 연계전공연계전공 1개cscsejong@sejong.ac.kr02-3408-3360AI연계융합전공에듀테크콘텐츠애널리틱스프로그램AI연계융합전공 內5개 프로그램+융합전공 11개① 오프라인 제출시집현관 606호‘대학혁신지원사업추진단’											② 이메일 제출시innovation@sejong.ac.kr02-6935-256402-6935-270602-6935-272802-6935-2688											스마트투어리즘매니지먼트소프트웨어 프로그램시스템생명공학 프로그램소셜미디어매니지먼트소프트웨어 프로그램자율비행체ICT 프로그램융합전공디지털역사문화자원큐레이션 융합전공과학기술커뮤니케이션 융합전공글로벌미디어소프트웨어 융합전공금융보험애널리틱스 융합전공비즈니스애널리틱스 융합전공럭셔리브랜드디자인 융합전공뉴미디어퍼포먼스 융합전공문화산업경영 융합전공영상디자인 융합전공엔터테인먼트소프트웨어 융합전공예술융합콘텐츠 융합전공
학적,학적정정 및 주소변경,학적부 기재사항 정정
학적,학적정정 및 주소변경,개명 · 주민등록번호 변경
학적,학적정정 및 주소변경,개명이나 주민등록번호의 변경 등으로 인해 학적부의 기재사항을 바꿔야 하는 학생은 학적부 정정 신청서  을 작성하여 변경된 사항이 기재되어 있는 본인의 주민등록초본과 신분증을 지참하여 학적과에 직접 방문 후				본인임을 확인 받아 변경 가능함* FAX (F/ 02-463-6848) 로도 송부가능하며, 팩스송신 후 팩스수신이 잘 되었는지 학적과로 확인전화를 해야함. (T/ 02-3408-3039)
학적,학적정정 및 주소변경,주소 및 연락처 변경
학적,학적정정 및 주소변경,			학생 본인의 주소 및 연락처를 학사정보시스템을 통해 수집이 가능함.(신상정보관리)			학사관리와 관련된 중요한 사항이 전달될 수 있기 때문에 최신의 주소와 연락처로 수정요망		
